{
  "customerOrder":
    {
      "orderNumber":"T900",
      "lineItems":
      {
        "lineItem":
        [
          {
            "orderLineNumber":"1",
            "productNo":"1",
            "productName":"18th century schooner",
            "quantityOrdered":"49",
            "priceEach":"34.47",
            "lineTotal":"1689.03"
          },
          {
            "orderLineNumber":"2",
            "productNo":"2",
            "productName":"1900s Vintage Bi-Plane",
            "quantityOrdered":"20",
            "priceEach":"33.00",
            "lineTotal":"660"
          },
          {
            "orderLineNumber":"3",
            "productNo":"3",
            "productName":"1928 British Royal Navy Airplane",
            "quantityOrdered":"25",
            "priceEach":"45.10",
            "lineTotal":"1127.5"
          }
      ]
    }
  }
}
